timestamp,email,client_name,license_key,download_link
2025-10-14T23:01:06.864062+00:00,jk,ji,FCC-24A7-1534-2BFF-F9C8,https://jqfoqqnefabtqcjmceyu.supabase.co/storage/v1/object/sign/fcc-installers/FCC.zip?token=eyJraWQiOiJzdG9yYWdlLXVybC1zaWduaW5nLWtleV9iYzQ0MzBkOC05MTAyLTQ5ZjUtYmQwOS04Zjk0ZmFkNmY3MjMiLCJhbGciOiJIUzI1NiJ9.eyJ1cmwiOiJmY2MtaW5zdGFsbGVycy9GQ0MuemlwIiwiaWF0IjoxNzYwNDgyODY3LCJleHAiOjE3NjA1NjkyNjd9.tRA2HDleJrWGyRsomXUtztS0nCrKaUGYgzO6ijMdQkI
2025-10-14T23:02:55.489568+00:00,hj,hi,FCC-565E-7E90-3648-07B1,https://jqfoqqnefabtqcjmceyu.supabase.co/storage/v1/object/sign/fcc-installers/FCC.zip?token=eyJraWQiOiJzdG9yYWdlLXVybC1zaWduaW5nLWtleV9iYzQ0MzBkOC05MTAyLTQ5ZjUtYmQwOS04Zjk0ZmFkNmY3MjMiLCJhbGciOiJIUzI1NiJ9.eyJ1cmwiOiJmY2MtaW5zdGFsbGVycy9GQ0MuemlwIiwiaWF0IjoxNzYwNDgyOTc2LCJleHAiOjE3NjA1NjkzNzZ9.W6afcp6v-4ArGg3lX-yvGJnk7mTAutGxmzr8YWzwX1g
2025-10-14T23:07:05.149412+00:00,ji,hh,FCC-1E36-4672-1692-9824,https://jqfoqqnefabtqcjmceyu.supabase.co/storage/v1/object/sign/fcc-installers/FCC.zip?token=eyJraWQiOiJzdG9yYWdlLXVybC1zaWduaW5nLWtleV9iYzQ0MzBkOC05MTAyLTQ5ZjUtYmQwOS04Zjk0ZmFkNmY3MjMiLCJhbGciOiJIUzI1NiJ9.eyJ1cmwiOiJmY2MtaW5zdGFsbGVycy9GQ0MuemlwIiwiaWF0IjoxNzYwNDgzMjI2LCJleHAiOjE3NjA1Njk2MjZ9.i89_PN1-OkMG0EjLunwaBkI3bYafAVhkz7DdsSI2bt8
2025-10-14T23:08:52.706051+00:00,jj,hh,FCC-BB40-0F2B-1754-F03E,https://jqfoqqnefabtqcjmceyu.supabase.co/storage/v1/object/sign/fcc-installers/FCC.zip?token=eyJraWQiOiJzdG9yYWdlLXVybC1zaWduaW5nLWtleV9iYzQ0MzBkOC05MTAyLTQ5ZjUtYmQwOS04Zjk0ZmFkNmY3MjMiLCJhbGciOiJIUzI1NiJ9.eyJ1cmwiOiJmY2MtaW5zdGFsbGVycy9GQ0MuemlwIiwiaWF0IjoxNzYwNDgzMzMzLCJleHAiOjE3NjA1Njk3MzN9.TKc6nb-knCON5dijZHDIvx0RQR7IKwr-7M-ixoH6LRQ
2025-10-14T23:33:36.077543+00:00,hi,hi,FCC-1C5D-6666-1919-7E3C,https://jqfoqqnefabtqcjmceyu.supabase.co/storage/v1/object/sign/fcc-installers/FCC.zip?token=eyJraWQiOiJzdG9yYWdlLXVybC1zaWduaW5nLWtleV9iYzQ0MzBkOC05MTAyLTQ5ZjUtYmQwOS04Zjk0ZmFkNmY3MjMiLCJhbGciOiJIUzI1NiJ9.eyJ1cmwiOiJmY2MtaW5zdGFsbGVycy9GQ0MuemlwIiwiaWF0IjoxNzYwNDg0ODE3LCJleHAiOjE3NjA1NzEyMTd9.spvmhjOKYVzuM2CXwrmVgla2Ecvbn9uYpfdRBnNKlo8
2025-10-14T23:42:49.241495+00:00,fe,hy,FCC-BF39-4B4A-9E3B-5A4F,https://jqfoqqnefabtqcjmceyu.supabase.co/storage/v1/object/sign/fcc-installers/FCC.zip?token=eyJraWQiOiJzdG9yYWdlLXVybC1zaWduaW5nLWtleV9iYzQ0MzBkOC05MTAyLTQ5ZjUtYmQwOS04Zjk0ZmFkNmY3MjMiLCJhbGciOiJIUzI1NiJ9.eyJ1cmwiOiJmY2MtaW5zdGFsbGVycy9GQ0MuemlwIiwiaWF0IjoxNzYwNDg1MzcwLCJleHAiOjE3NjA1NzE3NzB9.v6FvgxHlO-UdOA_el_wdN5ZIoyNZNpYw_J24EVhC54Y
2025-10-14T23:45:01.235351+00:00,de,hy,FCC-782A-5BB9-23CA-5160,https://jqfoqqnefabtqcjmceyu.supabase.co/storage/v1/object/sign/fcc-installers/FCC.zip?token=eyJraWQiOiJzdG9yYWdlLXVybC1zaWduaW5nLWtleV9iYzQ0MzBkOC05MTAyLTQ5ZjUtYmQwOS04Zjk0ZmFkNmY3MjMiLCJhbGciOiJIUzI1NiJ9.eyJ1cmwiOiJmY2MtaW5zdGFsbGVycy9GQ0MuemlwIiwiaWF0IjoxNzYwNDg1NTAyLCJleHAiOjE3NjA1NzE5MDJ9.G3Pnt0wDHCoGH8VfMzffTEnnRysXehkCbTSpOl4Y30g
2025-10-14T23:49:05.368997+00:00,fw,dew,FCC-C069-5A93-CF1E-6B0E,https://jqfoqqnefabtqcjmceyu.supabase.co/storage/v1/object/sign/fcc-installers/FCC.zip?token=eyJraWQiOiJzdG9yYWdlLXVybC1zaWduaW5nLWtleV9iYzQ0MzBkOC05MTAyLTQ5ZjUtYmQwOS04Zjk0ZmFkNmY3MjMiLCJhbGciOiJIUzI1NiJ9.eyJ1cmwiOiJmY2MtaW5zdGFsbGVycy9GQ0MuemlwIiwiaWF0IjoxNzYwNDg1NzQ2LCJleHAiOjE3NjA1NzIxNDZ9.mGsVG2mmnVzY7ZKwab6L1n4atSHl7-yhiKQ1CZ7TbvU
2025-10-15T00:15:57.127474+00:00,demo@example.com,Demo Client,FCC-78C6-DB1B-E742-68FD,https://example.com/download
2025-10-15T09:41:41.608778+00:00,user@example.com,Test User,FCC-6DC9-B14F-F966-61E6,
2025-10-15T09:46:15.400803+00:00,user@example.com,Test User,FCC-41FE-5626-65C1-24DF,
2025-10-15T09:52:47.542075+00:00,er,io,FCC-810E-BEFB-82C3-D36D,https://jqfoqqnefabtqcjmceyu.supabase.co/storage/v1/object/sign/fcc-installers/FCC.zip?token=eyJraWQiOiJzdG9yYWdlLXVybC1zaWduaW5nLWtleV9iYzQ0MzBkOC05MTAyLTQ5ZjUtYmQwOS04Zjk0ZmFkNmY3MjMiLCJhbGciOiJIUzI1NiJ9.eyJ1cmwiOiJmY2MtaW5zdGFsbGVycy9GQ0MuemlwIiwiaWF0IjoxNzYwNTIxOTY4LCJleHAiOjE3NjA2MDgzNjh9.HlaWPMuuaIEAsFltByOfkabsWogVgEEg6UqFqvswSxc
2025-10-15T09:56:05.375087+00:00,fr,de,FCC-E958-B4BB-0263-9DA3,https://jqfoqqnefabtqcjmceyu.supabase.co/storage/v1/object/sign/fcc-installers/FCC.zip?token=eyJraWQiOiJzdG9yYWdlLXVybC1zaWduaW5nLWtleV9iYzQ0MzBkOC05MTAyLTQ5ZjUtYmQwOS04Zjk0ZmFkNmY3MjMiLCJhbGciOiJIUzI1NiJ9.eyJ1cmwiOiJmY2MtaW5zdGFsbGVycy9GQ0MuemlwIiwiaWF0IjoxNzYwNTIyMTY1LCJleHAiOjE3NjA2MDg1NjV9.1hd_XUx4AKQcz09pskwRC0DtRmtfi1ngnx-umJ9r8mc
2025-10-15T10:06:03.803856+00:00,sfe,huy,FCC-1F97-CDFC-B20C-AE7E,https://jqfoqqnefabtqcjmceyu.supabase.co/storage/v1/object/sign/fcc-installers/FCC.zip?token=eyJraWQiOiJzdG9yYWdlLXVybC1zaWduaW5nLWtleV9iYzQ0MzBkOC05MTAyLTQ5ZjUtYmQwOS04Zjk0ZmFkNmY3MjMiLCJhbGciOiJIUzI1NiJ9.eyJ1cmwiOiJmY2MtaW5zdGFsbGVycy9GQ0MuemlwIiwiaWF0IjoxNzYwNTIyNzY0LCJleHAiOjE3NjA2MDkxNjR9.oWm6-XeNTxQdnxXK9Tfls2WQJbjif0dQxlhp11wBvGA
2025-10-15T10:22:51.465835+00:00,fe,fe,FCC-20B3-B637-A637-116A,https://jqfoqqnefabtqcjmceyu.supabase.co/storage/v1/object/sign/fcc-installers/FCC.zip?token=eyJraWQiOiJzdG9yYWdlLXVybC1zaWduaW5nLWtleV9iYzQ0MzBkOC05MTAyLTQ5ZjUtYmQwOS04Zjk0ZmFkNmY3MjMiLCJhbGciOiJIUzI1NiJ9.eyJ1cmwiOiJmY2MtaW5zdGFsbGVycy9GQ0MuemlwIiwiaWF0IjoxNzYwNTIzNzcyLCJleHAiOjE3NjA2MTAxNzJ9.veV13BlLA17Vw9g3F6hnnvDFB9poFPIWSZuSrtYieJI
2025-10-15T10:31:03.813153+00:00,aqibahnaf.xi@gmail.com,Aqib,FCC-4298-C609-DC23-8DFE,https://jqfoqqnefabtqcjmceyu.supabase.co/storage/v1/object/sign/fcc-installers/FCC.zip?token=eyJraWQiOiJzdG9yYWdlLXVybC1zaWduaW5nLWtleV9iYzQ0MzBkOC05MTAyLTQ5ZjUtYmQwOS04Zjk0ZmFkNmY3MjMiLCJhbGciOiJIUzI1NiJ9.eyJ1cmwiOiJmY2MtaW5zdGFsbGVycy9GQ0MuemlwIiwiaWF0IjoxNzYwNTI0MjY0LCJleHAiOjE3NjA2MTA2NjR9.w--9N_pOncBHefz80XFck5gpLhTVN38uTrvuKuSiu5g
2025-10-16T22:33:14.734115+00:00,user@example.com,Test User,FCC-AA27-FD55-556F-3233,
2025-10-17T00:23:45.286232+00:00,khansayeem,Murphy,FCC-3686-F0E6-CFE7-7263,
